subject	offset	log_knee	exponent	n	UPDRS	updrs_score
DBS3001	2.050372583976226	1.421802322292979	3.855714064967881	42	on	10
DBS3001	2.050372583976226	1.421802322292979	3.855714064967881	42	off	25
DBS3002	1.1375970333449583	1.148230137602063	2.9602268576828354	70	on	16
DBS3002	1.1375970333449583	1.148230137602063	2.9602268576828354	70	off	29
DBS3003	0.9133494186904102	1.2201356104020025	3.1819602964823916	98	on	3
DBS3003	0.9133494186904102	1.2201356104020025	3.1819602964823916	98	off	17
DBS3004	0.5498847726638219	1.6468143358382237	3.9449599080737463	9	on	36
DBS3004	0.5498847726638219	1.6468143358382237	3.9449599080737463	9	off	61
DBS3005	1.6727923237660565	1.3946090399822686	3.8290808204068085	42	on	22
DBS3005	1.6727923237660565	1.3946090399822686	3.8290808204068085	42	off	46
DBS3006	0.7962327275684408	1.3741098742434366	3.280595320866369	122	on	6
DBS3006	0.7962327275684408	1.3741098742434366	3.280595320866369	122	off	9
DBS3008	0.8034008362699707	1.3618982172291814	3.2335783006070917	30	on	NA
DBS3008	0.8034008362699707	1.3618982172291814	3.2335783006070917	30	off	NA
DBS3010	1.3247258339308978	1.0351998287392563	2.609339474775008	144	on	NA
DBS3010	1.3247258339308978	1.0351998287392563	2.609339474775008	144	off	34
DBS3011	1.5348841038994074	1.293358270600919	3.4231148235690942	99	on	7
DBS3011	1.5348841038994074	1.293358270600919	3.4231148235690942	99	off	30.5
DBS3012	1.4805045795339895	1.2906893737892036	3.340048743680497	101	on	26
DBS3012	1.4805045795339895	1.2906893737892036	3.340048743680497	101	off	43
DBS3014	2.4583716080908915	0.9372169888357862	3.2822984217844127	103	on	19
DBS3014	2.4583716080908915	0.9372169888357862	3.2822984217844127	103	off	30
DBS3015	2.3673853347282807	1.2735130088315598	3.7703038948572805	72	on	24
DBS3015	2.3673853347282807	1.2735130088315598	3.7703038948572805	72	off	42
DBS3016	2.546136309626361	1.2436715399493061	3.47059898249542	70	on	28
DBS3016	2.546136309626361	1.2436715399493061	3.47059898249542	70	off	45
DBS3017	2.2446524005395	1.3526177036534648	4.340441804664934	102	on	26
DBS3017	2.2446524005395	1.3526177036534648	4.340441804664934	102	off	34
DBS3018	1.8910277744073856	1.235268238289294	3.4940577885671087	55	on	13
DBS3018	1.8910277744073856	1.235268238289294	3.4940577885671087	55	off	21
DBS3019	2.197556308766389	1.253580589697429	3.376048179883097	66	on	18
DBS3019	2.197556308766389	1.253580589697429	3.376048179883097	66	off	40
DBS3020	1.8223659450178546	1.3882935267904717	3.7052047412050895	198	on	15
DBS3020	1.8223659450178546	1.3882935267904717	3.7052047412050895	198	off	19
DBS3021	1.913235278744775	1.330888950819678	3.487644238269806	126	on	NA
DBS3021	1.913235278744775	1.330888950819678	3.487644238269806	126	off	6
DBS3022	2.8651905013350505	1.065236776914102	3.7455646072622657	99	on	20
DBS3022	2.8651905013350505	1.065236776914102	3.7455646072622657	99	off	38
DBS3023	2.6031295725505563	1.2434635032710335	3.835098987756999	172	on	7
DBS3023	2.6031295725505563	1.2434635032710335	3.835098987756999	172	off	30
DBS3024	2.554174804603079	1.2526724026664726	3.8064431564480024	130	on	27
DBS3024	2.554174804603079	1.2526724026664726	3.8064431564480024	130	off	37
DBS3025	1.2315789345948316	1.2354276029710338	3.1791295821459347	126	on	15
DBS3025	1.2315789345948316	1.2354276029710338	3.1791295821459347	126	off	22
DBS3027	2.285958271498661	1.3704103678506148	4.252062948626265	18	on	30
DBS3027	2.285958271498661	1.3704103678506148	4.252062948626265	18	off	33
DBS3028	1.9933456392147495	1.3697882835519963	3.765424678495598	131	on	29
DBS3028	1.9933456392147495	1.3697882835519963	3.765424678495598	131	off	39
DBS3030	2.2182507495893518	1.2976316163411792	3.6104386580411196	68	on	30
DBS3030	2.2182507495893518	1.2976316163411792	3.6104386580411196	68	off	43
DBS3031	1.6943344797120319	1.2859527674856657	3.5867105754603106	108	on	26
DBS3031	1.6943344797120319	1.2859527674856657	3.5867105754603106	108	off	39
